CREATE_USERS_AND_DRIVERS,2025-06-09 19:37:47
CREATE_USERS_AND_DRIVERS,2025-06-09 19:38:35
CREATE_USERS_AND_DRIVERS,2025-06-09 19:40:37
CREATE_USERS_AND_DRIVERS,2025-06-09 19:41:48
CREATE_USERS_AND_DRIVERS,2025-06-09 19:45:29
CREATE_USERS_AND_DRIVERS,2025-06-09 19:48:04
CREATE_USERS_AND_DRIVERS,2025-06-09 19:49:47
ADD_USER_VIA_MENU,2025-06-09 20:16:50
CREATE_USERS_AND_DRIVERS,2025-06-09 20:18:31
CREATE_USERS_AND_DRIVERS,2025-06-09 20:18:35
CREATE_USERS_AND_DRIVERS,2025-06-09 20:18:54
ADD_USER_VIA_MENU,2025-06-09 20:19:43
ADD_USER_VIA_MENU,2025-06-09 20:22:07
